name,details,link,img
REMY,Young Male Labrador Retriever & Rhodesian Ridgeback Mix,https://www.petfinder.com/dog/remy-54461980/il/westmont/a-caring-place-all-breed-dog-rescue-il201/,https://dl5zpyw5k3jeb.cloudfront.net/photos/pets/54461980/1/?bust=1649835498&width=300
Juliette ,Young Female Husky Mix,https://www.petfinder.com/dog/juliette-54609798/il/lombard/animal-heartline-humane-association-il115/,https://dl5zpyw5k3jeb.cloudfront.net/photos/pets/54609798/2/?bust=1647816693&width=300
Duke,Young Male Mixed Breed,https://www.petfinder.com/dog/duke-54536139/il/lombard/little-giants-dog-rescue-il936/,https://dl5zpyw5k3jeb.cloudfront.net/photos/pets/54536139/4/?bust=1648737931&width=300
JoJo,Young Female German Shepherd Dog,https://www.petfinder.com/dog/jojo-55259770/il/hillside/magnificent-mutts-rescue-il274/,https://dl5zpyw5k3jeb.cloudfront.net/photos/pets/55259770/1/?bust=1649804669&width=300
Loba,Young Female German Shepherd Dog Mix,https://www.petfinder.com/dog/loba-54800238/il/hillside/magnificent-mutts-rescue-il274/,https://dl5zpyw5k3jeb.cloudfront.net/photos/pets/54800238/1/?bust=1649804460&width=300
Cody,Young Male Hound Mix,https://www.petfinder.com/dog/cody-53832185/il/elmhurst/underdog-railway-rescue-il843/,https://dl5zpyw5k3jeb.cloudfront.net/photos/pets/53832185/1/?bust=1638987008&width=300
Annie,Young Female Terrier & Mountain Cur Mix,https://www.petfinder.com/dog/annie-53207632/il/elmhurst/underdog-railway-rescue-il843/,https://dl5zpyw5k3jeb.cloudfront.net/photos/pets/53207632/1/?bust=1633713860&width=300
Owen,Young Male Greyhound & Labrador Retriever Mix,https://www.petfinder.com/dog/owen-55283454/il/lemont/ruby-whiskers-animal-rescue-il979/,https://dl5zpyw5k3jeb.cloudfront.net/photos/pets/55283454/1/?bust=1649791699&width=300
Buckshot,Young Male German Shepherd Dog Mix,https://www.petfinder.com/dog/buckshot-55157280/il/lemont/ruby-whiskers-animal-rescue-il979/,https://dl5zpyw5k3jeb.cloudfront.net/photos/pets/55157280/1/?bust=1648668826&width=300
Spot,Young Female Labrador Retriever Mix,https://www.petfinder.com/dog/spot-54800057/il/lemont/ruby-whiskers-animal-rescue-il979/,https://dl5zpyw5k3jeb.cloudfront.net/photos/pets/54800057/1/?bust=1646152742&width=300
Coco (HW+),Young Female Labrador Retriever Mix,https://www.petfinder.com/dog/coco-hw-54743651/il/lemont/ruby-whiskers-animal-rescue-il979/,https://dl5zpyw5k3jeb.cloudfront.net/photos/pets/54743651/1/?bust=1645736073&width=300
Tucker (Iâ€™m sweet!),Young Male German Shepherd Dog & Labrador Retriever Mix,https://www.petfinder.com/dog/tucker-im-sweet-55265337/il/warrenville/new-start-dog-rescue-of-illinois-il812/,https://dl5zpyw5k3jeb.cloudfront.net/photos/pets/55265337/4/?bust=1649633384&width=300
Hawkins,Young Male Catahoula Leopard Dog,https://www.petfinder.com/dog/hawkins-55152336/il/itasca/fetching-tails-foundation-il826/,https://dl5zpyw5k3jeb.cloudfront.net/photos/pets/55152336/2/?bust=1649265348&width=300
Fig,Young Male Hound Mix,https://www.petfinder.com/dog/fig-54924648/il/itasca/fetching-tails-foundation-il826/,https://dl5zpyw5k3jeb.cloudfront.net/photos/pets/54924648/1/?bust=1647009961&width=300
Fido,Young Male Mixed Breed,https://www.petfinder.com/dog/fido-54660090/il/itasca/fetching-tails-foundation-il826/,https://dl5zpyw5k3jeb.cloudfront.net/photos/pets/54660090/1/?bust=1645642516&width=300
Ada,Young Female Husky Mix,https://www.petfinder.com/dog/ada-54282161/il/itasca/fetching-tails-foundation-il826/,https://dl5zpyw5k3jeb.cloudfront.net/photos/pets/54282161/5/?bust=1647910369&width=300
Laylah,Young Female Retriever Mix,https://www.petfinder.com/dog/laylah-54281779/il/itasca/fetching-tails-foundation-il826/,https://dl5zpyw5k3jeb.cloudfront.net/photos/pets/54281779/1/?bust=1646525050&width=300
Pfeifer,Young Male Weimaraner Mix,https://www.petfinder.com/dog/pfeifer-53174981/il/itasca/fetching-tails-foundation-il826/,https://dl5zpyw5k3jeb.cloudfront.net/photos/pets/53174981/4/?bust=1635615185&width=300
Enna,Young Female Australian Shepherd Mix,https://www.petfinder.com/dog/enna-50535069/il/west-chicago/4-paws-4-u-4-ever-il267/,https://dl5zpyw5k3jeb.cloudfront.net/photos/pets/50535069/1/?bust=1643602812&width=300
Twix,Young Female Rottweiler & German Shepherd Dog Mix,https://www.petfinder.com/dog/twix-55213665/il/romeoville/mama-zoey-and-puppies-rescue-il925/,https://dl5zpyw5k3jeb.cloudfront.net/photos/pets/55213665/1/?bust=1649174661&width=300
Bailey,Young Female Newfoundland Dog & Golden Retriever Mix,https://www.petfinder.com/dog/bailey-55180379/il/homer-glen/cry-for-help-rescue-il561/,https://dl5zpyw5k3jeb.cloudfront.net/photos/pets/55180379/1/?bust=1648836469&width=300
Blizzard,Young Male German Shepherd Dog,https://www.petfinder.com/dog/blizzard-55263924/il/homer-glen/tender-loving-care-animal-shelter-il299/,https://dl5zpyw5k3jeb.cloudfront.net/photos/pets/55263924/1/?bust=1649631233&width=300
Chloe aka Layla,Young Female Hound Mix,https://www.petfinder.com/dog/chloe-aka-layla-55261818/il/homer-glen/tender-loving-care-animal-shelter-il299/,https://dl5zpyw5k3jeb.cloudfront.net/photos/pets/55261818/1/?bust=1649631114&width=300
Hank,Young Male German Shepherd Dog Mix,https://www.petfinder.com/dog/hank-55178279/il/homer-glen/tender-loving-care-animal-shelter-il299/,https://dl5zpyw5k3jeb.cloudfront.net/photos/pets/55178279/1/?bust=1649631897&width=300
Cheeto,Young Male Terrier Mix,https://www.petfinder.com/dog/cheeto-55110271/il/homer-glen/tender-loving-care-animal-shelter-il299/,https://dl5zpyw5k3jeb.cloudfront.net/photos/pets/55110271/1/?bust=1649630702&width=300
Boomer,Young Male Boxer Mix,https://www.petfinder.com/dog/boomer-54961692/il/homer-glen/tender-loving-care-animal-shelter-il299/,https://dl5zpyw5k3jeb.cloudfront.net/photos/pets/54961692/1/?bust=1649631137&width=300
Luna,Young Female Husky & Shepherd Mix,https://www.petfinder.com/dog/luna-54961477/il/aurora/rover-rescue-il244/,https://dl5zpyw5k3jeb.cloudfront.net/photos/pets/54961477/1/?bust=1647181754&width=300
Ginger,Young Female Hound & Shepherd Mix,https://www.petfinder.com/dog/ginger-54692197/il/aurora/rover-rescue-il244/,https://dl5zpyw5k3jeb.cloudfront.net/photos/pets/54692197/1/?bust=1645371050&width=300
Sadie,Young Female Shiba Inu & Husky Mix,https://www.petfinder.com/dog/sadie-54546913/il/aurora/rover-rescue-il244/,https://dl5zpyw5k3jeb.cloudfront.net/photos/pets/54546913/1/?bust=1646001935&width=300
Grant,Young Male Siberian Husky,https://www.petfinder.com/dog/grant-55166172/il/lockport/homes-for-huskies-siberian-husky-rescue-il301/,https://dl5zpyw5k3jeb.cloudfront.net/photos/pets/55166172/1/?bust=1648745242&width=300
Zazu,Young Male Siberian Husky,https://www.petfinder.com/dog/zazu-54135510/il/lockport/homes-for-huskies-siberian-husky-rescue-il301/,https://dl5zpyw5k3jeb.cloudfront.net/photos/pets/54135510/1/?bust=1648745702&width=300
Astro Boy ,Young Male Labrador Retriever & Shepherd Mix,https://www.petfinder.com/dog/astro-boy-55125214/il/orland-park/half-way-home-animal-rescue-il652/,https://dl5zpyw5k3jeb.cloudfront.net/photos/pets/55125214/6/?bust=1648381276&width=300
Girly Girl (Gigi),Young Female Labrador Retriever Mix,https://www.petfinder.com/dog/girly-girl-gigi-54798230/il/orland-park/half-way-home-animal-rescue-il652/,https://dl5zpyw5k3jeb.cloudfront.net/photos/pets/54798230/1/?bust=1646141855&width=300
Schnitzel,Young Male Dachshund Mix,https://www.petfinder.com/dog/schnitzel-55277854/il/schaumburg/chicagoland-dog-rescue-il188/,https://dl5zpyw5k3jeb.cloudfront.net/photos/pets/55277854/1/?bust=1649769100&width=300
Jones,Young Male Labrador Retriever Mix,https://www.petfinder.com/dog/jones-52984477/il/schaumburg/chicagoland-dog-rescue-il188/,https://dl5zpyw5k3jeb.cloudfront.net/photos/pets/52984477/1/?bust=1649117918&width=300
Ritz McBiggie,Young Male American Bully,https://www.petfinder.com/dog/ritz-mcbiggie-54771387/il/plainfield/k9-enrichment-initiative-inc-il867/,https://dl5zpyw5k3jeb.cloudfront.net/photos/pets/54771387/1/?bust=1647406557&width=300
 Izzy ,Young Female Hound Mix,https://www.petfinder.com/dog/izzy-54726494/il/plainfield/k9-enrichment-initiative-inc-il867/,https://dl5zpyw5k3jeb.cloudfront.net/photos/pets/54726494/1/?bust=1649519873&width=300
Bonnie,Young Female Jack Russell Terrier & American Staffordshire Terrier Mix,https://www.petfinder.com/dog/bonnie-54319774/il/plainfield/hedd-mutt-foundation-il878/,https://dl5zpyw5k3jeb.cloudfront.net/photos/pets/54319774/1/?bust=1642768105&width=300
Dolce,Young Male American Staffordshire Terrier Mix,https://www.petfinder.com/dog/dolce-54155197/il/chicago/chicago-pet-rescue-il655/,https://dl5zpyw5k3jeb.cloudfront.net/photos/pets/54155197/3/?bust=1649124796&width=300
Peachy,Young Female Labrador Retriever Mix,https://www.petfinder.com/dog/peachy-52606960/il/chicago/chicago-pet-rescue-il655/,https://dl5zpyw5k3jeb.cloudfront.net/photos/pets/52606960/1/?bust=1649124244&width=300
Franky,Young Male American Staffordshire Terrier,https://www.petfinder.com/dog/franky-55009482/il/chicago/k94keeps-dog-rescue-il759/,https://dl5zpyw5k3jeb.cloudfront.net/photos/pets/55009482/1/?bust=1647530798&width=300
Reno,Young Male American Staffordshire Terrier,https://www.petfinder.com/dog/reno-53890534/il/chicago/k94keeps-dog-rescue-il759/,https://dl5zpyw5k3jeb.cloudfront.net/photos/pets/53890534/1/?bust=1639429541&width=300
Cobe,Young Male Border Collie Mix,https://www.petfinder.com/dog/cobe-55242754/il/joliet/all-herding-breed-dog-rescue-il728/,https://dl5zpyw5k3jeb.cloudfront.net/photos/pets/55242754/1/?bust=1649375077&width=300
Davis,Young Male Australian Cattle Dog / Blue Heeler & Australian Shepherd Mix,https://www.petfinder.com/dog/davis-54962702/il/joliet/all-herding-breed-dog-rescue-il728/,https://dl5zpyw5k3jeb.cloudfront.net/photos/pets/54962702/1/?bust=1647189586&width=300
Fred,Young Male Australian Cattle Dog / Blue Heeler,https://www.petfinder.com/dog/fred-54962651/il/joliet/all-herding-breed-dog-rescue-il728/,https://dl5zpyw5k3jeb.cloudfront.net/photos/pets/54962651/1/?bust=1647189084&width=300
Krissy,Young Female German Shepherd Dog,https://www.petfinder.com/dog/krissy-54929363/il/joliet/all-herding-breed-dog-rescue-il728/,https://dl5zpyw5k3jeb.cloudfront.net/photos/pets/54929363/1/?bust=1646938068&width=300
Raven,Young Female German Shepherd Dog,https://www.petfinder.com/dog/raven-54929161/il/joliet/all-herding-breed-dog-rescue-il728/,https://dl5zpyw5k3jeb.cloudfront.net/photos/pets/54929161/1/?bust=1646937719&width=300
Frankie,Young Female Australian Cattle Dog / Blue Heeler & Terrier Mix,https://www.petfinder.com/dog/frankie-54753271/il/joliet/all-herding-breed-dog-rescue-il728/,https://dl5zpyw5k3jeb.cloudfront.net/photos/pets/54753271/1/?bust=1645808470&width=300
Blue,Young Male Australian Cattle Dog / Blue Heeler,https://www.petfinder.com/dog/blue-54348710/il/joliet/all-herding-breed-dog-rescue-il728/,https://dl5zpyw5k3jeb.cloudfront.net/photos/pets/54348710/1/?bust=1642959509&width=300
FOSTER ME Jax,Young Male Shepherd & Retriever Mix,https://www.petfinder.com/dog/foster-me-jax-55295857/il/oswego/rescued-rascals-il937/,https://dl5zpyw5k3jeb.cloudfront.net/photos/pets/55295857/1/?bust=1649891317&width=300
Boise,Young Male Husky Mix,https://www.petfinder.com/dog/boise-55282938/il/oswego/rescued-rascals-il937/,https://dl5zpyw5k3jeb.cloudfront.net/photos/pets/55282938/1/?bust=1649789146&width=300
Ringo,Young Male Border Collie & Labrador Retriever Mix,https://www.petfinder.com/dog/ringo-55274566/il/oswego/rescued-rascals-il937/,https://dl5zpyw5k3jeb.cloudfront.net/photos/pets/55274566/1/?bust=1649713297&width=300
Ava,Young Female Labrador Retriever & Terrier Mix,https://www.petfinder.com/dog/ava-55253498/il/oswego/a-journey-home-il877/,https://dl5zpyw5k3jeb.cloudfront.net/photos/pets/55253498/1/?bust=1649469280&width=300
Sheba,Young Female Husky & Shepherd Mix,https://www.petfinder.com/dog/sheba-55222532/il/oswego/rescued-rascals-il937/,https://dl5zpyw5k3jeb.cloudfront.net/photos/pets/55222532/1/?bust=1649213077&width=300
Square,Young Female Shepherd & Tennessee Treeing Brindle Mix,https://www.petfinder.com/dog/square-55222447/il/oswego/rescued-rascals-il937/,https://dl5zpyw5k3jeb.cloudfront.net/photos/pets/55222447/1/?bust=1649210950&width=300
Bandit,Young Male Labrador Retriever & Husky Mix,https://www.petfinder.com/dog/bandit-54936512/il/chicago/pals-place-il174/,https://dl5zpyw5k3jeb.cloudfront.net/photos/pets/54936512/1/?bust=1646977376&width=300
Bandit (Loves fetch!),Young Male Boxer & Husky Mix,https://www.petfinder.com/dog/bandit-loves-fetch-54330859/il/chicago/pals-place-il174/,https://dl5zpyw5k3jeb.cloudfront.net/photos/pets/54330859/1/?bust=1644606575&width=300
Milo,Young Male Australian Cattle Dog / Blue Heeler & Beagle Mix,https://www.petfinder.com/dog/milo-54084129/il/joliet/pawsitive-impact-pet-rescue-il852/,https://dl5zpyw5k3jeb.cloudfront.net/photos/pets/54084129/1/?bust=1641170706&width=300
Kashi,Young Male Australian Cattle Dog / Blue Heeler,https://www.petfinder.com/dog/kashi-54084118/il/joliet/pawsitive-impact-pet-rescue-il852/,https://dl5zpyw5k3jeb.cloudfront.net/photos/pets/54084118/1/?bust=1641170455&width=300
FLASH,Young Male Rottweiler,https://www.petfinder.com/dog/flash-55218308/il/oswego/recycled-rotts-il105/,https://dl5zpyw5k3jeb.cloudfront.net/photos/pets/55218308/1/?bust=1649187747&width=300
Rocket ,Young Male Labrador Retriever & Cattle Dog Mix,https://www.petfinder.com/dog/rocket-55211891/il/mokena/naws-humane-society-il391/,https://dl5zpyw5k3jeb.cloudfront.net/photos/pets/55211891/1/?bust=1649167043&width=300
Merle,Young Male Terrier Mix,https://www.petfinder.com/dog/merle-55051878/il/mokena/naws-humane-society-il391/,https://dl5zpyw5k3jeb.cloudfront.net/photos/pets/55051878/1/?bust=1647871228&width=300
Hemingway,Young Female Labrador Retriever Mix,https://www.petfinder.com/dog/hemingway-54488974/il/mokena/naws-humane-society-il391/,https://dl5zpyw5k3jeb.cloudfront.net/photos/pets/54488974/1/?bust=1643838193&width=300
Roscoe,Young Male Hound Mix,https://www.petfinder.com/dog/roscoe-54339611/il/mokena/naws-humane-society-il391/,https://dl5zpyw5k3jeb.cloudfront.net/photos/pets/54339611/1/?bust=1642884644&width=300
Sampson,Young Male Terrier Mix,https://www.petfinder.com/dog/sampson-54200602/il/mokena/naws-humane-society-il391/,https://dl5zpyw5k3jeb.cloudfront.net/photos/pets/54200602/1/?bust=1642083465&width=300
Lindsey,Young Female Labrador Retriever Mix,https://www.petfinder.com/dog/lindsey-53955423/il/mokena/naws-humane-society-il391/,https://dl5zpyw5k3jeb.cloudfront.net/photos/pets/53955423/1/?bust=1639951475&width=300
Stella,Young Female Labrador Retriever Mix,https://www.petfinder.com/dog/stella-52782506/il/mokena/naws-humane-society-il391/,https://dl5zpyw5k3jeb.cloudfront.net/photos/pets/52782506/2/?bust=1644692340&width=300
Gene  adoption pending!,Young Male Husky & Great Dane Mix,https://www.petfinder.com/dog/gene-adoption-pending-53974095/il/chicago/blind-dog-rescue-alliance-ct-ct407/,https://dl5zpyw5k3jeb.cloudfront.net/photos/pets/53974095/1/?bust=1640114897&width=300
Tetra,Young Male Mixed Breed,https://www.petfinder.com/dog/tetra-55188208/il/chicago/paws-chicago-il72/,https://dl5zpyw5k3jeb.cloudfront.net/photos/pets/55188208/1/?bust=1648913243&width=300
Harmony,Young Female German Shepherd Dog,https://www.petfinder.com/dog/harmony-55206728/il/chicago/german-shepherd-rescue-inc-il273/,https://dl5zpyw5k3jeb.cloudfront.net/photos/pets/55206728/4/?bust=1649121267&width=300
Diamond ,Young Female German Shepherd Dog,https://www.petfinder.com/dog/diamond-55206615/il/chicago/german-shepherd-rescue-inc-il273/,https://dl5zpyw5k3jeb.cloudfront.net/photos/pets/55206615/3/?bust=1649696215&width=300
Krow ,Young Male German Shepherd Dog,https://www.petfinder.com/dog/krow-54937588/il/chicago/german-shepherd-rescue-inc-il273/,https://dl5zpyw5k3jeb.cloudfront.net/photos/pets/54937588/1/?bust=1647005712&width=300
Adele ,Young Female German Shepherd Dog,https://www.petfinder.com/dog/adele-54556173/il/chicago/german-shepherd-rescue-inc-il273/,https://dl5zpyw5k3jeb.cloudfront.net/photos/pets/54556173/3/?bust=1648519436&width=300
Beauty D.,Young Female German Shepherd Dog,https://www.petfinder.com/dog/beauty-d-54414226/il/chicago/german-shepherd-rescue-inc-il273/,https://dl5zpyw5k3jeb.cloudfront.net/photos/pets/54414226/3/?bust=1645118312&width=300
Bridge,Young Male Cattle Dog Mix,https://www.petfinder.com/dog/bridge-55247437/il/elgin/charming-pet-rescue-tx2043/,https://dl5zpyw5k3jeb.cloudfront.net/photos/pets/55247437/1/?bust=1649434827&width=300
Benny,Young Male Cattle Dog Mix,https://www.petfinder.com/dog/benny-55012612/il/elgin/charming-pet-rescue-tx2043/,https://dl5zpyw5k3jeb.cloudfront.net/photos/pets/55012612/1/?bust=1647545996&width=300
Dex,Young Male Labrador Retriever & Boykin Spaniel Mix,https://www.petfinder.com/dog/dex-55141071/il/south-elgin/forever-home-dog-rescue-il924/,https://dl5zpyw5k3jeb.cloudfront.net/photos/pets/55141071/2/?bust=1648565703&width=300
Molly,Young Female Spaniel & Labrador Retriever Mix,https://www.petfinder.com/dog/molly-55197096/il/hoffman-estates/woof-pack-dog-rescue-il870/,https://dl5zpyw5k3jeb.cloudfront.net/photos/pets/55197096/1/?bust=1649018964&width=300
Amanda,Young Female Labrador Retriever & Terrier Mix,https://www.petfinder.com/dog/amanda-54650498/il/joliet/hopeful-tails-animal-rescue-il782/,https://dl5zpyw5k3jeb.cloudfront.net/photos/pets/54650498/3/?bust=1646190327&width=300
Rosie,Young Female Shiba Inu Mix,https://www.petfinder.com/dog/rosie-54238010/il/chicago/shiba-inu-rescue-association-il484/,https://dl5zpyw5k3jeb.cloudfront.net/photos/pets/54238010/1/?bust=1642268553&width=300
Tita  ***MEXICO DOG***,Young Female Labrador Retriever Mix,https://www.petfinder.com/dog/tita-mexico-dog-55293723/il/palatine/many-paws-global-rescue-inc-il967/,https://dl5zpyw5k3jeb.cloudfront.net/photos/pets/55293723/1/?bust=1649879276&width=300
Caspian,Young Male Siberian Husky,https://www.petfinder.com/dog/caspian-55292547/il/palatine/many-paws-global-rescue-inc-il967/,https://dl5zpyw5k3jeb.cloudfront.net/photos/pets/55292547/1/?bust=1649874909&width=300
Percy,Young Male Rottweiler & German Shepherd Dog Mix,https://www.petfinder.com/dog/percy-55278391/il/palatine/many-paws-global-rescue-inc-il967/,https://dl5zpyw5k3jeb.cloudfront.net/photos/pets/55278391/1/?bust=1649773448&width=300
Sadie,Young Female Labrador Retriever,https://www.petfinder.com/dog/sadie-55236255/il/palatine/many-paws-global-rescue-inc-il967/,https://dl5zpyw5k3jeb.cloudfront.net/photos/pets/55236255/1/?bust=1649344155&width=300
Bogart,Young Male Spaniel Mix,https://www.petfinder.com/dog/bogart-55211055/il/palatine/many-paws-global-rescue-inc-il967/,https://dl5zpyw5k3jeb.cloudfront.net/photos/pets/55211055/1/?bust=1649164959&width=300
Toshi,Young Male Akita,https://www.petfinder.com/dog/toshi-55190855/il/palatine/many-paws-global-rescue-inc-il967/,https://dl5zpyw5k3jeb.cloudfront.net/photos/pets/55190855/1/?bust=1648931402&width=300
Eiko,Young Female Akita,https://www.petfinder.com/dog/eiko-55190698/il/palatine/many-paws-global-rescue-inc-il967/,https://dl5zpyw5k3jeb.cloudfront.net/photos/pets/55190698/1/?bust=1648930102&width=300
Nikki,Young Female German Shepherd Dog,https://www.petfinder.com/dog/nikki-55153443/il/palatine/many-paws-global-rescue-inc-il967/,https://dl5zpyw5k3jeb.cloudfront.net/photos/pets/55153443/1/?bust=1648652274&width=300
Zodiac,Young Female Labrador Retriever & Terrier Mix,https://www.petfinder.com/dog/zodiac-55061232/il/palatine/many-paws-global-rescue-inc-il967/,https://dl5zpyw5k3jeb.cloudfront.net/photos/pets/55061232/1/?bust=1647906793&width=300
Adelaide,Young Female Belgian Shepherd / Malinois,https://www.petfinder.com/dog/adelaide-54911085/il/chicago/save-some-souls-tx2502/,https://dl5zpyw5k3jeb.cloudfront.net/photos/pets/54911085/1/?bust=1646812261&width=300
Smokey,Young Male Shepherd Mix,https://www.petfinder.com/dog/smokey-54766306/il/wheeling/wheeling-animal-hospital-and-pet-resort-il640/,https://dl5zpyw5k3jeb.cloudfront.net/photos/pets/54766306/1/?bust=1645892295&width=300
Puddin,Young Male Mountain Cur Mix,https://www.petfinder.com/dog/puddin-55253690/il/elgin/hoof-woof-meow-animal-rescue-il761/,https://dl5zpyw5k3jeb.cloudfront.net/photos/pets/55253690/1/?bust=1649785469&width=300
Nora,Young Female Husky,https://www.petfinder.com/dog/nora-55196305/il/elgin/hoof-woof-meow-animal-rescue-il761/,https://dl5zpyw5k3jeb.cloudfront.net/photos/pets/55196305/1/?bust=1649785983&width=300
Roxie,Young Female Doberman Pinscher,https://www.petfinder.com/dog/roxie-55036660/il/barrington/illinois-doberman-rescue-plus-il95/,https://dl5zpyw5k3jeb.cloudfront.net/photos/pets/55036660/1/?bust=1647706771&width=300
Athena,Young Female Wirehaired Terrier Mix,https://www.petfinder.com/dog/athena-54967319/il/barrington/illinois-doberman-rescue-plus-il95/,https://dl5zpyw5k3jeb.cloudfront.net/photos/pets/54967319/3/?bust=1647222868&width=300
Owen AKA Bowie,Young Male Shepherd & Siberian Husky Mix,https://www.petfinder.com/dog/owen-aka-bowie-55208789/il/elburn/safe-haven-dog-rescue-il805/,https://dl5zpyw5k3jeb.cloudfront.net/photos/pets/55208789/1/?bust=1649120525&width=300
Emmie....(Fee waived!),Young Female Labrador Retriever & Border Collie Mix,https://www.petfinder.com/dog/emmiefee-waived-50363853/il/yorkville/eye-on-the-sparrow-il500/,https://dl5zpyw5k3jeb.cloudfront.net/photos/pets/50363853/1/?bust=1622247250&width=300
Beau,Young Male German Shepherd Dog,https://www.petfinder.com/dog/beau-55285732/il/yorkville/kendall-county-animal-control-il111/,https://dl5zpyw5k3jeb.cloudfront.net/photos/pets/55285732/1/?bust=1649802100&width=300
Daisy,Young Female Terrier Mix,https://www.petfinder.com/dog/daisy-50298020/il/buffalo-grove/treasured-animal-rescue-inc-il879/,https://dl5zpyw5k3jeb.cloudfront.net/photos/pets/50298020/1/?bust=1610882772&width=300
Titi,Young Female Beagle & Border Collie Mix,https://www.petfinder.com/dog/titi-54530438/il/barrington-hills/fur-keeps-animal-rescue-inc-il370/,https://dl5zpyw5k3jeb.cloudfront.net/photos/pets/54530438/1/?bust=1644113181&width=300
Bear,Young Male American Staffordshire Terrier,https://www.petfinder.com/dog/bear-55094540/il/gilberts/project-hope-animal-rescue-il976/,https://dl5zpyw5k3jeb.cloudfront.net/photos/pets/55094540/1/?bust=1648128770&width=300
Sabarka,Young Male Labrador Retriever & Doberman Pinscher Mix,https://www.petfinder.com/dog/sabarka-53769116/il/gilberts/home-sweet-home-pet-rescue-il873/,https://dl5zpyw5k3jeb.cloudfront.net/photos/pets/53769116/3/?bust=1648312630&width=300
DAISY,Young Female German Shepherd Dog,https://www.petfinder.com/dog/daisy-55203092/il/lake-in-the-hills/chi-paw-rescue-inc-il978/,https://dl5zpyw5k3jeb.cloudfront.net/photos/pets/55203092/1/?bust=1649088451&width=300
Shiloh,Young Female Labrador Retriever & Hound Mix,https://www.petfinder.com/dog/shiloh-55152107/il/lake-in-the-hills/bark-of-an-angel-dog-rescueinc-il951/,https://dl5zpyw5k3jeb.cloudfront.net/photos/pets/55152107/1/?bust=1648646606&width=300
Pumkin,Young Female Terrier Mix,https://www.petfinder.com/dog/pumkin-55170269/il/crete/dogs-are-deserving-il822/,https://dl5zpyw5k3jeb.cloudfront.net/photos/pets/55170269/4/?bust=1649094744&width=300
Mowgli,Young Male Siberian Husky,https://www.petfinder.com/dog/mowgli-53447993/il/crystal-lake/forever-husky-il-il772/,https://dl5zpyw5k3jeb.cloudfront.net/photos/pets/53447993/1/?bust=1649155513&width=300
River,Young Male Shepherd & Australian Cattle Dog / Blue Heeler Mix,https://www.petfinder.com/dog/river-54609920/il/crystal-lake/paws-and-affect-animal-rescue-il943/,https://dl5zpyw5k3jeb.cloudfront.net/photos/pets/54609920/1/?bust=1644773188&width=300
Chewie,Young Male Boxer & Coonhound Mix,https://www.petfinder.com/dog/chewie-55284300/il/huntley/animal-house-shelter-il192/,https://dl5zpyw5k3jeb.cloudfront.net/photos/pets/55284300/1/?bust=1649794882&width=300
Ruby,Young Female American Staffordshire Terrier & Chocolate Labrador Retriever Mix,https://www.petfinder.com/dog/ruby-55283701/il/huntley/animal-house-shelter-il192/,https://dl5zpyw5k3jeb.cloudfront.net/photos/pets/55283701/1/?bust=1649792275&width=300
Beret,Young Female German Shepherd Dog & Collie Mix,https://www.petfinder.com/dog/beret-55282916/il/huntley/animal-house-shelter-il192/,https://dl5zpyw5k3jeb.cloudfront.net/photos/pets/55282916/1/?bust=1649789009&width=300
Chase,Young Male Wire Fox Terrier & Border Terrier Mix,https://www.petfinder.com/dog/chase-55282551/il/huntley/animal-house-shelter-il192/,https://dl5zpyw5k3jeb.cloudfront.net/photos/pets/55282551/1/?bust=1649786853&width=300
Shooter,Young Male Beagle,https://www.petfinder.com/dog/shooter-55246287/il/huntley/animal-house-shelter-il192/,https://dl5zpyw5k3jeb.cloudfront.net/photos/pets/55246287/1/?bust=1649428726&width=300
Bonnie,Young Female Airedale Terrier & Husky Mix,https://www.petfinder.com/dog/bonnie-55229866/il/huntley/animal-house-shelter-il192/,https://dl5zpyw5k3jeb.cloudfront.net/photos/pets/55229866/1/?bust=1649274025&width=300
Buddha,Young Male Bloodhound & German Shepherd Dog Mix,https://www.petfinder.com/dog/buddha-55206415/il/huntley/animal-house-shelter-il192/,https://dl5zpyw5k3jeb.cloudfront.net/photos/pets/55206415/1/?bust=1649103389&width=300
Bear,Young Male Bloodhound & German Shepherd Dog Mix,https://www.petfinder.com/dog/bear-55206280/il/huntley/animal-house-shelter-il192/,https://dl5zpyw5k3jeb.cloudfront.net/photos/pets/55206280/1/?bust=1649102696&width=300
Skeeter,Young Male Husky & Yellow Labrador Retriever Mix,https://www.petfinder.com/dog/skeeter-55203590/il/huntley/animal-house-shelter-il192/,https://dl5zpyw5k3jeb.cloudfront.net/photos/pets/55203590/1/?bust=1649091737&width=300
Brooke,Young Female American Staffordshire Terrier & American Bulldog Mix,https://www.petfinder.com/dog/brooke-55183672/il/huntley/animal-house-shelter-il192/,https://dl5zpyw5k3jeb.cloudfront.net/photos/pets/55183672/1/?bust=1648847287&width=300
Berry,Young Male American Staffordshire Terrier & Pointer Mix,https://www.petfinder.com/dog/berry-55177349/il/huntley/animal-house-shelter-il192/,https://dl5zpyw5k3jeb.cloudfront.net/photos/pets/55177349/1/?bust=1648824263&width=300
Froggy,Young Male American Staffordshire Terrier & Bull Terrier Mix,https://www.petfinder.com/dog/froggy-55163844/il/huntley/animal-house-shelter-il192/,https://dl5zpyw5k3jeb.cloudfront.net/photos/pets/55163844/1/?bust=1648736513&width=300
Severin,Young Male German Shepherd Dog & Collie Mix,https://www.petfinder.com/dog/severin-55095881/il/huntley/animal-house-shelter-il192/,https://dl5zpyw5k3jeb.cloudfront.net/photos/pets/55095881/1/?bust=1648135405&width=300
Witty,Young Male American Staffordshire Terrier & Pointer Mix,https://www.petfinder.com/dog/witty-55082040/il/huntley/animal-house-shelter-il192/,https://dl5zpyw5k3jeb.cloudfront.net/photos/pets/55082040/1/?bust=1648050134&width=300
Flash,Young Male Black Labrador Retriever & American Staffordshire Terrier Mix,https://www.petfinder.com/dog/flash-55073793/il/huntley/animal-house-shelter-il192/,https://dl5zpyw5k3jeb.cloudfront.net/photos/pets/55073793/1/?bust=1647982577&width=300
Annie,Young Female Yellow Labrador Retriever & Pointer Mix,https://www.petfinder.com/dog/annie-54986290/il/huntley/animal-house-shelter-il192/,https://dl5zpyw5k3jeb.cloudfront.net/photos/pets/54986290/1/?bust=1647366290&width=300
Thomas,Young Male American Staffordshire Terrier & American Bulldog Mix,https://www.petfinder.com/dog/thomas-54985877/il/huntley/animal-house-shelter-il192/,https://dl5zpyw5k3jeb.cloudfront.net/photos/pets/54985877/1/?bust=1647364674&width=300
DeeDee,Young Female American Staffordshire Terrier & Plott Hound Mix,https://www.petfinder.com/dog/deedee-54902734/il/huntley/animal-house-shelter-il192/,https://dl5zpyw5k3jeb.cloudfront.net/photos/pets/54902734/1/?bust=1646765884&width=300
Arty,Young Male Black Labrador Retriever & American Staffordshire Terrier Mix,https://www.petfinder.com/dog/arty-54900192/il/huntley/animal-house-shelter-il192/,https://dl5zpyw5k3jeb.cloudfront.net/photos/pets/54900192/1/?bust=1646753582&width=300
Luna,Young Female Chocolate Labrador Retriever & Chesapeake Bay Retriever Mix,https://www.petfinder.com/dog/luna-54788700/il/huntley/animal-house-shelter-il192/,https://dl5zpyw5k3jeb.cloudfront.net/photos/pets/54788700/1/?bust=1646077859&width=300
Benny,Young Male Boxer & American Staffordshire Terrier Mix,https://www.petfinder.com/dog/benny-54788489/il/huntley/animal-house-shelter-il192/,https://dl5zpyw5k3jeb.cloudfront.net/photos/pets/54788489/1/?bust=1646076738&width=300
Mason,Young Male Treeing Walker Coonhound,https://www.petfinder.com/dog/mason-54786181/il/huntley/animal-house-shelter-il192/,https://dl5zpyw5k3jeb.cloudfront.net/photos/pets/54786181/1/?bust=1646062695&width=300
Ivan,Young Male Anatolian Shepherd & Great Pyrenees Mix,https://www.petfinder.com/dog/ivan-54757686/il/huntley/animal-house-shelter-il192/,https://dl5zpyw5k3jeb.cloudfront.net/photos/pets/54757686/1/?bust=1645824226&width=300
Ellie,Young Male American Staffordshire Terrier & Boxer Mix,https://www.petfinder.com/dog/ellie-54757381/il/huntley/animal-house-shelter-il192/,https://dl5zpyw5k3jeb.cloudfront.net/photos/pets/54757381/1/?bust=1645822584&width=300
Baxter,Young Male Black Labrador Retriever & Doberman Pinscher Mix,https://www.petfinder.com/dog/baxter-54714819/il/huntley/animal-house-shelter-il192/,https://dl5zpyw5k3jeb.cloudfront.net/photos/pets/54714819/1/?bust=1645567120&width=300
Arlo,Young Male American Staffordshire Terrier & Boxer Mix,https://www.petfinder.com/dog/arlo-54702494/il/huntley/animal-house-shelter-il192/,https://dl5zpyw5k3jeb.cloudfront.net/photos/pets/54702494/1/?bust=1645473213&width=300
Neil,Young Male Yellow Labrador Retriever,https://www.petfinder.com/dog/neil-54646612/il/huntley/animal-house-shelter-il192/,https://dl5zpyw5k3jeb.cloudfront.net/photos/pets/54646612/1/?bust=1645046073&width=300
Moana,Young Female American Staffordshire Terrier & Rhodesian Ridgeback Mix,https://www.petfinder.com/dog/moana-54642462/il/huntley/animal-house-shelter-il192/,https://dl5zpyw5k3jeb.cloudfront.net/photos/pets/54642462/1/?bust=1645034175&width=300
Dixie,Young Female Chocolate Labrador Retriever & Doberman Pinscher Mix,https://www.petfinder.com/dog/dixie-54631213/il/huntley/animal-house-shelter-il192/,https://dl5zpyw5k3jeb.cloudfront.net/photos/pets/54631213/1/?bust=1644958985&width=300
Snow,Young Female Yellow Labrador Retriever & Border Collie Mix,https://www.petfinder.com/dog/snow-54618919/il/huntley/animal-house-shelter-il192/,https://dl5zpyw5k3jeb.cloudfront.net/photos/pets/54618919/1/?bust=1644866000&width=300
Woody,Young Male American Staffordshire Terrier & Boxer Mix,https://www.petfinder.com/dog/woody-54584943/il/huntley/animal-house-shelter-il192/,https://dl5zpyw5k3jeb.cloudfront.net/photos/pets/54584943/1/?bust=1644530305&width=300
Hooper,Young Male American Staffordshire Terrier & Boxer Mix,https://www.petfinder.com/dog/hooper-54584219/il/huntley/animal-house-shelter-il192/,https://dl5zpyw5k3jeb.cloudfront.net/photos/pets/54584219/1/?bust=1648741141&width=300
Saydie,Young Female American Staffordshire Terrier & Boxer Mix,https://www.petfinder.com/dog/saydie-54581153/il/huntley/animal-house-shelter-il192/,https://dl5zpyw5k3jeb.cloudfront.net/photos/pets/54581153/1/?bust=1644515782&width=300
Lady,Young Female American Staffordshire Terrier & Boxer Mix,https://www.petfinder.com/dog/lady-54580377/il/huntley/animal-house-shelter-il192/,https://dl5zpyw5k3jeb.cloudfront.net/photos/pets/54580377/1/?bust=1644514895&width=300
Cassie,Young Female American Staffordshire Terrier & Chocolate Labrador Retriever Mix,https://www.petfinder.com/dog/cassie-54579039/il/huntley/animal-house-shelter-il192/,https://dl5zpyw5k3jeb.cloudfront.net/photos/pets/54579039/4/?bust=1646157825&width=300
Emmy,Young Female Chocolate Labrador Retriever & American Staffordshire Terrier Mix,https://www.petfinder.com/dog/emmy-54423230/il/huntley/animal-house-shelter-il192/,https://dl5zpyw5k3jeb.cloudfront.net/photos/pets/54423230/1/?bust=1646163625&width=300
Gracie,Young Female Boxer,https://www.petfinder.com/dog/gracie-54421891/il/huntley/animal-house-shelter-il192/,https://dl5zpyw5k3jeb.cloudfront.net/photos/pets/54421891/1/?bust=1646935317&width=300
Alfredo,Young Male Black Labrador Retriever & Pointer Mix,https://www.petfinder.com/dog/alfredo-54421386/il/huntley/animal-house-shelter-il192/,https://dl5zpyw5k3jeb.cloudfront.net/photos/pets/54421386/1/?bust=1643391224&width=300
Coco,Young Male Australian Shepherd,https://www.petfinder.com/dog/coco-54408867/il/huntley/animal-house-shelter-il192/,https://dl5zpyw5k3jeb.cloudfront.net/photos/pets/54408867/1/?bust=1643320239&width=300
Indiana,Young Male American Staffordshire Terrier & Boxer Mix,https://www.petfinder.com/dog/indiana-54135175/il/huntley/animal-house-shelter-il192/,https://dl5zpyw5k3jeb.cloudfront.net/photos/pets/54135175/1/?bust=1641578576&width=300
Bestboy,Young Male Great Dane & German Shepherd Dog Mix,https://www.petfinder.com/dog/bestboy-54132904/il/huntley/animal-house-shelter-il192/,https://dl5zpyw5k3jeb.cloudfront.net/photos/pets/54132904/1/?bust=1646155974&width=300
Sassy,Young Female Boxer,https://www.petfinder.com/dog/sassy-54004815/il/huntley/animal-house-shelter-il192/,https://dl5zpyw5k3jeb.cloudfront.net/photos/pets/54004815/1/?bust=1640375733&width=300
Bucky,Young Male American Staffordshire Terrier & Black Labrador Retriever Mix,https://www.petfinder.com/dog/bucky-53933507/il/huntley/animal-house-shelter-il192/,https://dl5zpyw5k3jeb.cloudfront.net/photos/pets/53933507/1/?bust=1643147540&width=300
Snickers,Young Male American Staffordshire Terrier & American Bulldog Mix,https://www.petfinder.com/dog/snickers-53931600/il/huntley/animal-house-shelter-il192/,https://dl5zpyw5k3jeb.cloudfront.net/photos/pets/53931600/1/?bust=1639757778&width=300
Pandora,Young Female American Staffordshire Terrier & Boxer Mix,https://www.petfinder.com/dog/pandora-53931334/il/huntley/animal-house-shelter-il192/,https://dl5zpyw5k3jeb.cloudfront.net/photos/pets/53931334/1/?bust=1645207417&width=300
Flora,Young Female Mastiff Mix,https://www.petfinder.com/dog/flora-53911053/il/huntley/animal-house-shelter-il192/,https://dl5zpyw5k3jeb.cloudfront.net/photos/pets/53911053/1/?bust=1644938861&width=300
Maha,Young Female Jindo Mix,https://www.petfinder.com/dog/maha-53911017/il/huntley/animal-house-shelter-il192/,https://dl5zpyw5k3jeb.cloudfront.net/photos/pets/53911017/1/?bust=1646081707&width=300
Dude,Young Male American Staffordshire Terrier & American Bulldog Mix,https://www.petfinder.com/dog/dude-53910994/il/huntley/animal-house-shelter-il192/,https://dl5zpyw5k3jeb.cloudfront.net/photos/pets/53910994/1/?bust=1639604743&width=300
Skittles,Young Female American Staffordshire Terrier & Boxer Mix,https://www.petfinder.com/dog/skittles-53862069/il/huntley/animal-house-shelter-il192/,https://dl5zpyw5k3jeb.cloudfront.net/photos/pets/53862069/1/?bust=1639172967&width=300
Pippa,Young Female Yellow Labrador Retriever & American Staffordshire Terrier Mix,https://www.petfinder.com/dog/pippa-53673952/il/huntley/animal-house-shelter-il192/,https://dl5zpyw5k3jeb.cloudfront.net/photos/pets/53673952/1/?bust=1637865567&width=300
J.R.,Young Male American Staffordshire Terrier & American Bulldog Mix,https://www.petfinder.com/dog/jr-53671753/il/huntley/animal-house-shelter-il192/,https://dl5zpyw5k3jeb.cloudfront.net/photos/pets/53671753/1/?bust=1644346130&width=300
Pocus,Young Male German Shepherd Dog & Cattle Dog Mix,https://www.petfinder.com/dog/pocus-53642373/il/huntley/animal-house-shelter-il192/,https://dl5zpyw5k3jeb.cloudfront.net/photos/pets/53642373/1/?bust=1645209226&width=300
Wonder,Young Female American Staffordshire Terrier & Boxer Mix,https://www.petfinder.com/dog/wonder-53520105/il/huntley/animal-house-shelter-il192/,https://dl5zpyw5k3jeb.cloudfront.net/photos/pets/53520105/1/?bust=1644267607&width=300
Boo,Young Male American Staffordshire Terrier & Boxer Mix,https://www.petfinder.com/dog/boo-53388796/il/huntley/animal-house-shelter-il192/,https://dl5zpyw5k3jeb.cloudfront.net/photos/pets/53388796/1/?bust=1635368564&width=300
Reeses,Young Male American Staffordshire Terrier & Australian Shepherd Mix,https://www.petfinder.com/dog/reeses-53340023/il/huntley/animal-house-shelter-il192/,https://dl5zpyw5k3jeb.cloudfront.net/photos/pets/53340023/1/?bust=1644013303&width=300
Zeus,Young Male American Staffordshire Terrier & Boxer Mix,https://www.petfinder.com/dog/zeus-53311570/il/huntley/animal-house-shelter-il192/,https://dl5zpyw5k3jeb.cloudfront.net/photos/pets/53311570/1/?bust=1634672765&width=300
Cherie,Young Female American Staffordshire Terrier & Boxer Mix,https://www.petfinder.com/dog/cherie-53298509/il/huntley/animal-house-shelter-il192/,https://dl5zpyw5k3jeb.cloudfront.net/photos/pets/53298509/1/?bust=1640874970&width=300
Bell,Young Female American Staffordshire Terrier & American Bulldog Mix,https://www.petfinder.com/dog/bell-53241927/il/huntley/animal-house-shelter-il192/,https://dl5zpyw5k3jeb.cloudfront.net/photos/pets/53241927/1/?bust=1644270615&width=300
Julian,Young Male Shetland Sheepdog / Sheltie & Pointer Mix,https://www.petfinder.com/dog/julian-53209034/il/huntley/animal-house-shelter-il192/,https://dl5zpyw5k3jeb.cloudfront.net/photos/pets/53209034/1/?bust=1633719787&width=300
Brody,Young Male Australian Shepherd & Shetland Sheepdog / Sheltie Mix,https://www.petfinder.com/dog/brody-53110382/il/huntley/animal-house-shelter-il192/,https://dl5zpyw5k3jeb.cloudfront.net/photos/pets/53110382/1/?bust=1632838945&width=300
Jasper,Young Male American Staffordshire Terrier & Australian Cattle Dog / Blue Heeler Mix,https://www.petfinder.com/dog/jasper-53101231/il/huntley/animal-house-shelter-il192/,https://dl5zpyw5k3jeb.cloudfront.net/photos/pets/53101231/1/?bust=1632754190&width=300
Indie,Young Male Husky,https://www.petfinder.com/dog/indie-52717227/il/huntley/animal-house-shelter-il192/,https://dl5zpyw5k3jeb.cloudfront.net/photos/pets/52717227/1/?bust=1643210509&width=300
Lizzie,Young Female Yellow Labrador Retriever & Collie Mix,https://www.petfinder.com/dog/lizzie-52488591/il/huntley/animal-house-shelter-il192/,https://dl5zpyw5k3jeb.cloudfront.net/photos/pets/52488591/1/?bust=1627411969&width=300
Chevy,Young Male American Staffordshire Terrier & Boxer Mix,https://www.petfinder.com/dog/chevy-52291954/il/huntley/animal-house-shelter-il192/,https://dl5zpyw5k3jeb.cloudfront.net/photos/pets/52291954/1/?bust=1643148213&width=300
Bowie,Young Male Jindo,https://www.petfinder.com/dog/bowie-52282248/il/huntley/animal-house-shelter-il192/,https://dl5zpyw5k3jeb.cloudfront.net/photos/pets/52282248/1/?bust=1625767419&width=300
Coco Chanel,Young Female American Staffordshire Terrier & Yellow Labrador Retriever Mix,https://www.petfinder.com/dog/coco-chanel-52206739/il/huntley/animal-house-shelter-il192/,https://dl5zpyw5k3jeb.cloudfront.net/photos/pets/52206739/1/?bust=1625238243&width=300
Rusty,Young Male American Staffordshire Terrier & Cattle Dog Mix,https://www.petfinder.com/dog/rusty-51859482/il/huntley/animal-house-shelter-il192/,https://dl5zpyw5k3jeb.cloudfront.net/photos/pets/51859482/1/?bust=1645210718&width=300
Poppy,Young Female Black Labrador Retriever & Husky Mix,https://www.petfinder.com/dog/poppy-51619088/il/huntley/animal-house-shelter-il192/,https://dl5zpyw5k3jeb.cloudfront.net/photos/pets/51619088/1/?bust=1633626739&width=300
Rudy,Young Male Chocolate Labrador Retriever & Border Collie Mix,https://www.petfinder.com/dog/rudy-51541093/il/huntley/animal-house-shelter-il192/,https://dl5zpyw5k3jeb.cloudfront.net/photos/pets/51541093/3/?bust=1646164328&width=300
Coraline,Young Female American Staffordshire Terrier & Yellow Labrador Retriever Mix,https://www.petfinder.com/dog/coraline-51466929/il/huntley/animal-house-shelter-il192/,https://dl5zpyw5k3jeb.cloudfront.net/photos/pets/51466929/1/?bust=1644872282&width=300
Richochet,Young Male Australian Cattle Dog / Blue Heeler & Australian Shepherd Mix,https://www.petfinder.com/dog/richochet-51416983/il/huntley/animal-house-shelter-il192/,https://dl5zpyw5k3jeb.cloudfront.net/photos/pets/51416983/1/?bust=1643215318&width=300
Samantha,Young Female Cattle Dog & American Staffordshire Terrier Mix,https://www.petfinder.com/dog/samantha-51416657/il/huntley/animal-house-shelter-il192/,https://dl5zpyw5k3jeb.cloudfront.net/photos/pets/51416657/1/?bust=1620068189&width=300
Prudence,Young Female Australian Shepherd & Cattle Dog Mix,https://www.petfinder.com/dog/prudence-51170759/il/huntley/animal-house-shelter-il192/,https://dl5zpyw5k3jeb.cloudfront.net/photos/pets/51170759/2/?bust=1633632974&width=300
Miss Piggy,Young Female American Staffordshire Terrier & Bull Terrier Mix,https://www.petfinder.com/dog/miss-piggy-51110291/il/huntley/animal-house-shelter-il192/,https://dl5zpyw5k3jeb.cloudfront.net/photos/pets/51110291/2/?bust=1617561204&width=300
Alaba,Young Female American Staffordshire Terrier & Vizsla Mix,https://www.petfinder.com/dog/alaba-51093596/il/huntley/animal-house-shelter-il192/,https://dl5zpyw5k3jeb.cloudfront.net/photos/pets/51093596/1/?bust=1644867984&width=300
Bella,Young Female American Staffordshire Terrier & Boxer Mix,https://www.petfinder.com/dog/bella-50844331/il/huntley/animal-house-shelter-il192/,https://dl5zpyw5k3jeb.cloudfront.net/photos/pets/50844331/1/?bust=1644333141&width=300
Jimmy,Young Male American Bulldog & Boxer Mix,https://www.petfinder.com/dog/jimmy-50790845/il/huntley/animal-house-shelter-il192/,https://dl5zpyw5k3jeb.cloudfront.net/photos/pets/50790845/1/?bust=1633467902&width=300
Buster,Young Male American Staffordshire Terrier & Boxer Mix,https://www.petfinder.com/dog/buster-50259520/il/huntley/animal-house-shelter-il192/,https://dl5zpyw5k3jeb.cloudfront.net/photos/pets/50259520/6/?bust=1620157171&width=300
Sport,Young Male American Staffordshire Terrier & Border Collie Mix,https://www.petfinder.com/dog/sport-49706819/il/huntley/animal-house-shelter-il192/,https://dl5zpyw5k3jeb.cloudfront.net/photos/pets/49706819/1/?bust=1604610445&width=300
Zoey,Young Female American Staffordshire Terrier & Basset Hound Mix,https://www.petfinder.com/dog/zoey-48939109/il/huntley/animal-house-shelter-il192/,https://dl5zpyw5k3jeb.cloudfront.net/photos/pets/48939109/5/?bust=1598976409&width=300
Yale,Young Male German Shepherd Dog & Akita Mix,https://www.petfinder.com/dog/yale-47249023/il/huntley/animal-house-shelter-il192/,https://dl5zpyw5k3jeb.cloudfront.net/photos/pets/47249023/1/?bust=1644270408&width=300
Huntley,Young Female German Shepherd Dog & Cattle Dog Mix,https://www.petfinder.com/dog/huntley-46300952/il/huntley/animal-house-shelter-il192/,https://dl5zpyw5k3jeb.cloudfront.net/photos/pets/46300952/1/?bust=1643209297&width=300
Ollie,Young Male Greyhound & Yellow Labrador Retriever Mix,https://www.petfinder.com/dog/ollie-45350887/il/huntley/animal-house-shelter-il192/,https://dl5zpyw5k3jeb.cloudfront.net/photos/pets/45350887/1/?bust=1646930155&width=300
Domino,Young Male Border Collie & Australian Shepherd Mix,https://www.petfinder.com/dog/domino-45250224/il/huntley/animal-house-shelter-il192/,https://dl5zpyw5k3jeb.cloudfront.net/photos/pets/45250224/2/?bust=1563041784&width=300
Beau,Young Male Schnauzer & Labrador Retriever Mix,https://www.petfinder.com/dog/beau-44467502/il/huntley/animal-house-shelter-il192/,https://dl5zpyw5k3jeb.cloudfront.net/photos/pets/44467502/1/?bust=1649795827&width=300
Sandy,Young Female Labrador Retriever Mix,https://www.petfinder.com/dog/sandy-54419238/il/genoa/the-barn-on-baseline-animal-shelter-adoption-center-il81/,https://dl5zpyw5k3jeb.cloudfront.net/photos/pets/54419238/1/?bust=1649812296&width=300
Latte,Young Female Hound & Coonhound Mix,https://www.petfinder.com/dog/latte-54908633/il/grayslake/homes-for-animal-heroes-il969/,https://dl5zpyw5k3jeb.cloudfront.net/photos/pets/54908633/1/?bust=1646783422&width=300
Rebel,Young Male Doberman Pinscher Mix,https://www.petfinder.com/dog/rebel-53330524/il/hainesville/wagging-hearts-il663/,https://dl5zpyw5k3jeb.cloudfront.net/photos/pets/53330524/5/?bust=1644523881&width=300
Willow,Young Male Shepherd Mix,https://www.petfinder.com/dog/willow-53230991/il/hainesville/wagging-hearts-il663/,https://dl5zpyw5k3jeb.cloudfront.net/photos/pets/53230991/1/?bust=1634007217&width=300
Reba Mae,Young Female Coonhound Mix,https://www.petfinder.com/dog/reba-mae-54721763/il/round-lake/rockys-rescue-il985/,https://dl5zpyw5k3jeb.cloudfront.net/photos/pets/54721763/1/?bust=1645631461&width=300
Monty,Young Male Husky & German Shepherd Dog Mix,https://www.petfinder.com/dog/monty-42682958/il/braidwood/perfect-paws-animal-rescue-il882/,https://dl5zpyw5k3jeb.cloudfront.net/photos/pets/42682958/4/?bust=1543861319&width=300
Scout,Young Male Terrier & Hound Mix,https://www.petfinder.com/dog/scout-55294337/il/mchenry/k9s4u-dog-rescue-il745/,https://dl5zpyw5k3jeb.cloudfront.net/photos/pets/55294337/1/?bust=1649882507&width=300
Sadie,Young Female Australian Shepherd Mix,https://www.petfinder.com/dog/sadie-55287654/il/mchenry/k9s4u-dog-rescue-il745/,https://dl5zpyw5k3jeb.cloudfront.net/photos/pets/55287654/1/?bust=1649816696&width=300
Chance,Young Male Husky Mix,https://www.petfinder.com/dog/chance-55184497/il/mchenry/k9s4u-dog-rescue-il745/,https://dl5zpyw5k3jeb.cloudfront.net/photos/pets/55184497/6/?bust=1649380740&width=300
Evelyn Dutton,Young Female Labrador Retriever Mix,https://www.petfinder.com/dog/evelyn-dutton-55137339/il/mchenry/k9s4u-dog-rescue-il745/,https://dl5zpyw5k3jeb.cloudfront.net/photos/pets/55137339/1/?bust=1649295575&width=300
Luna,Young Female Terrier Mix,https://www.petfinder.com/dog/luna-55046424/il/mchenry/k9s4u-dog-rescue-il745/,https://dl5zpyw5k3jeb.cloudfront.net/photos/pets/55046424/2/?bust=1647808078&width=300
SHANIA,Young Female Labrador Retriever & American Staffordshire Terrier Mix,https://www.petfinder.com/dog/shania-51416722/in/crown-point/lake-county-sheriffs-animal-control-adoption-center-in218/,https://dl5zpyw5k3jeb.cloudfront.net/photos/pets/51416722/4/?bust=1620069780&width=300
Delilah,Young Female English Bulldog,https://www.petfinder.com/dog/delilah-55242108/in/lowell/child-and-pet-relief-fund-cpr-fund-in246/,https://dl5zpyw5k3jeb.cloudfront.net/photos/pets/55242108/1/?bust=1649369815&width=300
Smith  ,Young Male American Staffordshire Terrier,https://www.petfinder.com/dog/smith-54016983/in/merrillville/the-pretty-pittie-committee-al499/,https://dl5zpyw5k3jeb.cloudfront.net/photos/pets/54016983/1/?bust=1640565382&width=300
0105 Kota,Young Male German Shepherd Dog,https://www.petfinder.com/dog/0105-kota-54967071/il/ringwood/midwest-australian-shepherd-rescue-inc-il983/,https://dl5zpyw5k3jeb.cloudfront.net/photos/pets/54967071/1/?bust=1649777278&width=300
Toby,Young Male Beagle,https://www.petfinder.com/dog/toby-54038563/il/wadsworth/midwest-brew-il336/,https://dl5zpyw5k3jeb.cloudfront.net/photos/pets/54038563/1/?bust=1640741179&width=300
Toby,Young Male Beagle,https://www.petfinder.com/dog/toby-54038399/oh/toledo/midwest-beagle-rescue-education-welfare-oh169/,https://dl5zpyw5k3jeb.cloudfront.net/photos/pets/54038399/1/?bust=1640740356&width=300
Boom Boom,Young Male Beagle,https://www.petfinder.com/dog/boom-boom-54875578/il/wonder-lake/animal-rescue-associates-inc-il566/,https://dl5zpyw5k3jeb.cloudfront.net/photos/pets/54875578/1/?bust=1646528034&width=300
Snoopy,Young Male Hound & American Bully Mix,https://www.petfinder.com/dog/snoopy-53042973/in/lowell/tuff-dawgs-rescue-inc-in736/,https://dl5zpyw5k3jeb.cloudfront.net/photos/pets/53042973/1/?bust=1632238813&width=300
Stella Pulaski,Young Female Carolina Dog & Shepherd Mix,https://www.petfinder.com/dog/stella-pulaski-52496148/in/lowell/tuff-dawgs-rescue-inc-in736/,https://dl5zpyw5k3jeb.cloudfront.net/photos/pets/52496148/1/?bust=1627478517&width=300
Sasha,Young Female Labrador Retriever Mix,https://www.petfinder.com/dog/sasha-51478335/il/momence/river-valley-animal-rescue-il786/,https://dl5zpyw5k3jeb.cloudfront.net/photos/pets/51478335/2/?bust=1623373366&width=300
Tilda,Young Female Basset Hound & Australian Cattle Dog / Blue Heeler Mix,https://www.petfinder.com/dog/tilda-55192902/il/kankakee/once-upon-a-prayer-il885/,https://dl5zpyw5k3jeb.cloudfront.net/photos/pets/55192902/1/?bust=1649368308&width=300
Sapphire,Young Female Great Pyrenees & German Shepherd Dog Mix,https://www.petfinder.com/dog/sapphire-55155067/il/kankakee/k9-up-project-free-il963/,https://dl5zpyw5k3jeb.cloudfront.net/photos/pets/55155067/1/?bust=1648658602&width=300
Arthur ,Young Male Labrador Retriever & Border Collie Mix,https://www.petfinder.com/dog/arthur-54277106/il/kankakee/once-upon-a-prayer-il885/,https://dl5zpyw5k3jeb.cloudfront.net/photos/pets/54277106/4/?bust=1642877496&width=300
Krystal,Young Female Catahoula Leopard Dog Mix,https://www.petfinder.com/dog/krystal-51693610/il/kankakee/k9-up-project-free-il963/,https://dl5zpyw5k3jeb.cloudfront.net/photos/pets/51693610/1/?bust=1622151709&width=300
